attack,base_egg_steps,base_happiness,base_total,defense,experience_growth,height_m,hp,name,percentage_male,sp_attack,sp_defense,speed,weight_kg
49,5120,70,318,49,1059860,0.7,45,Bulbasaur,88.1,65,65,45,6.9
62,5120,70,405,63,1059860,1.0,60,Ivysaur,88.1,80,80,60,13.0
100,5120,70,625,123,1059860,2.0,80,Venusaur,88.1,122,120,80,100.0
52,5120,70,309,43,1059860,0.6,39,Charmander,88.1,60,50,65,8.5
64,5120,70,405,58,1059860,1.1,58,Charmeleon,88.1,80,65,80,19.0
104,5120,70,634,78,1059860,1.7,78,Charizard,88.1,159,115,100,90.5
48,5120,70,314,65,1059860,0.5,44,Squirtle,88.1,50,64,43,9.0
63,5120,70,405,80,1059860,1.0,59,Wartortle,88.1,65,80,58,22.5
103,5120,70,630,120,1059860,1.6,79,Blastoise,88.1,135,115,78,85.5
30,3840,70,195,35,1000000,0.3,45,Caterpie,50.0,20,20,45,2.9
20,3840,70,205,55,1000000,0.7,50,Metapod,50.0,25,25,30,9.9
45,3840,70,395,50,1000000,1.1,60,Butterfree,50.0,90,80,70,32.0
35,3840,70,195,30,1000000,0.3,40,Weedle,50.0,20,20,50,3.2
25,3840,70,205,50,1000000,0.6,45,Kakuna,50.0,25,25,35,10.0
150,3840,70,495,40,1000000,1.0,65,Beedrill,50.0,15,80,145,29.5
45,3840,70,251,40,1059860,0.3,40,Pidgey,50.0,35,35,56,1.8
60,3840,70,349,55,1059860,1.1,63,Pidgeotto,50.0,50,50,71,30.0
80,3840,70,579,80,1059860,1.5,83,Pidgeot,50.0,135,80,121,39.5
56,3840,70,253,35,1000000,,30,Rattata,50.0,25,35,72,
71,3840,70,413,70,1000000,,75,Raticate,50.0,40,80,77,
60,3840,70,262,30,1000000,0.3,40,Spearow,50.0,31,31,70,2.0
90,3840,70,442,65,1000000,1.2,65,Fearow,50.0,61,61,100,38.0
60,5120,70,288,44,1000000,2.0,35,Ekans,50.0,40,54,55,6.9
95,5120,70,448,69,1000000,3.5,60,Arbok,50.0,65,79,80,65.0
55,2560,70,320,40,1000000,0.4,35,Pikachu,50.0,50,50,90,6.0
85,2560,70,485,50,1000000,,60,Raichu,50.0,95,85,110,
75,5120,70,300,90,1000000,,50,Sandshrew,50.0,10,35,40,
100,5120,70,450,120,1000000,,75,Sandslash,50.0,25,65,65,
47,5120,70,275,52,1059860,0.4,55,Nidoran♀,0.0,40,40,41,7.0
62,5120,70,365,67,1059860,0.8,70,Nidorina,0.0,55,55,56,20.0
92,5120,70,505,87,1059860,1.3,90,Nidoqueen,0.0,75,85,76,60.0
57,5120,70,273,40,1059860,0.5,46,Nidoran♂,100.0,40,40,50,9.0
72,5120,70,365,57,1059860,0.9,61,Nidorino,100.0,55,55,65,19.5
102,5120,70,505,77,1059860,1.4,81,Nidoking,100.0,85,75,85,62.0
45,2560,140,323,48,800000,0.6,70,Clefairy,24.6,60,65,35,7.5
70,2560,140,483,73,800000,1.3,95,Clefable,24.6,95,90,60,40.0
41,5120,70,299,40,1000000,,38,Vulpix,24.6,50,65,65,
67,5120,70,505,75,1000000,,73,Ninetales,24.6,81,100,109,
45,2560,70,270,20,800000,0.5,115,Jigglypuff,24.6,45,25,20,5.5
70,2560,70,435,45,800000,1.0,140,Wigglytuff,24.6,85,50,45,12.0
45,3840,70,245,35,1000000,0.8,40,Zubat,50.0,30,40,55,7.5
80,3840,70,455,70,1000000,1.6,75,Golbat,50.0,65,75,90,55.0
50,5120,70,320,55,1059860,0.5,45,Oddish,50.0,75,65,30,5.4
65,5120,70,395,70,1059860,0.8,60,Gloom,50.0,85,75,40,8.6
80,5120,70,490,85,1059860,1.2,75,Vileplume,50.0,110,90,50,18.6
70,5120,70,285,55,1000000,0.3,35,Paras,50.0,45,55,25,5.4
95,5120,70,405,80,1000000,1.0,60,Parasect,50.0,60,80,30,29.5
55,5120,70,305,50,1000000,1.0,60,Venonat,50.0,40,55,45,30.0
65,5120,70,450,60,1000000,1.5,70,Venomoth,50.0,90,75,90,12.5
55,5120,70,265,30,1000000,,10,Diglett,50.0,35,45,90,
100,5120,70,425,60,1000000,,35,Dugtrio,50.0,50,70,110,
35,5120,70,290,35,1000000,,40,Meowth,50.0,50,40,90,
60,5120,70,440,60,1000000,,65,Persian,50.0,75,65,115,
52,5120,70,320,48,1000000,0.8,50,Psyduck,50.0,65,50,55,19.6
82,5120,70,500,78,1000000,1.7,80,Golduck,50.0,95,80,85,76.6
80,5120,70,305,35,1000000,0.5,40,Mankey,50.0,35,45,70,28.0
105,5120,70,455,60,1000000,1.0,65,Primeape,50.0,60,70,95,32.0
70,5120,70,350,45,1250000,0.7,55,Growlithe,75.4,70,50,60,19.0
110,5120,70,555,80,1250000,1.9,90,Arcanine,75.4,100,80,95,155.0
50,5120,70,300,40,1059860,0.6,40,Poliwag,50.0,40,40,90,12.4
65,5120,70,385,65,1059860,1.0,65,Poliwhirl,50.0,50,50,90,20.0
95,5120,70,510,95,1059860,1.3,90,Poliwrath,50.0,70,90,70,54.0
20,5120,70,310,15,1059860,0.9,25,Abra,75.4,105,55,90,19.5
35,5120,70,400,30,1059860,1.3,40,Kadabra,75.4,120,70,105,56.5
50,5120,70,600,65,1059860,1.5,55,Alakazam,75.4,175,105,150,48.0
80,5120,70,305,50,1059860,0.8,70,Machop,75.4,35,35,35,19.5
100,5120,70,405,70,1059860,1.5,80,Machoke,75.4,50,60,45,70.5
130,5120,70,505,80,1059860,1.6,90,Machamp,75.4,65,85,55,130.0
75,5120,70,300,35,1059860,0.7,50,Bellsprout,50.0,70,30,40,4.0
90,5120,70,390,50,1059860,1.0,65,Weepinbell,50.0,85,45,55,6.4
105,5120,70,490,65,1059860,1.7,80,Victreebel,50.0,100,70,70,15.5
40,5120,70,335,35,1250000,0.9,40,Tentacool,50.0,50,100,70,45.5
70,5120,70,515,65,1250000,1.6,80,Tentacruel,50.0,80,120,100,55.0
80,3840,70,300,100,1059860,,40,Geodude,50.0,30,30,20,
95,3840,70,390,115,1059860,,55,Graveler,50.0,45,45,35,
120,3840,70,495,130,1059860,,80,Golem,50.0,55,65,45,
85,5120,70,410,55,1000000,1.0,50,Ponyta,50.0,65,65,90,30.0
100,5120,70,500,70,1000000,1.7,65,Rapidash,50.0,80,80,105,95.0
65,5120,70,315,65,1000000,1.2,90,Slowpoke,50.0,40,40,15,36.0
75,5120,70,590,180,1000000,1.6,95,Slowbro,50.0,130,80,30,78.5
35,5120,70,325,70,1000000,0.3,25,Magnemite,,95,55,45,6.0
60,5120,70,465,95,1000000,1.0,50,Magneton,,120,70,70,60.0
90,5120,70,377,55,1000000,0.8,52,Farfetch'd,50.0,58,62,60,15.0
85,5120,70,310,45,1000000,1.4,35,Doduo,50.0,35,35,75,39.2
110,5120,70,470,70,1000000,1.8,60,Dodrio,50.0,60,60,110,85.2
45,5120,70,325,55,1000000,1.1,65,Seel,50.0,45,70,45,90.0
70,5120,70,475,80,1000000,1.7,90,Dewgong,50.0,70,95,70,120.0
80,5120,70,325,50,1000000,,80,Grimer,50.0,40,50,25,
105,5120,70,500,75,1000000,,105,Muk,50.0,65,100,50,
65,5120,70,305,100,1250000,0.3,30,Shellder,50.0,45,25,40,4.0
95,5120,70,525,180,1250000,1.5,50,Cloyster,50.0,85,45,70,132.5
35,5120,70,310,30,1059860,1.3,30,Gastly,50.0,100,35,80,0.1
50,5120,70,405,45,1059860,1.6,45,Haunter,50.0,115,55,95,0.1
65,5120,70,600,80,1059860,1.5,60,Gengar,50.0,170,95,130,40.5
45,6400,70,385,160,1000000,8.8,35,Onix,50.0,30,45,70,210.0
48,5120,70,328,45,1000000,1.0,60,Drowzee,50.0,43,90,42,32.4
73,5120,70,483,70,1000000,1.6,85,Hypno,50.0,73,115,67,75.6
105,5120,70,325,90,1000000,0.4,30,Krabby,50.0,25,25,50,6.5
130,5120,70,475,115,1000000,1.3,55,Kingler,50.0,50,50,75,60.0
30,5120,70,330,50,1000000,0.5,40,Voltorb,,55,55,100,10.4
50,5120,70,490,70,1000000,1.2,60,Electrode,,80,80,150,66.6
40,5120,70,325,80,1250000,0.4,60,Exeggcute,50.0,60,45,40,2.5
105,5120,70,530,85,1250000,,95,Exeggutor,50.0,125,75,45,
50,5120,70,320,95,1000000,0.4,50,Cubone,50.0,40,50,35,6.5
80,5120,70,425,110,1000000,,60,Marowak,50.0,50,80,45,
120,6400,70,455,53,1000000,1.5,50,Hitmonlee,100.0,35,110,87,49.8
105,6400,70,455,79,1000000,1.4,50,Hitmonchan,100.0,35,110,76,50.2
55,5120,70,385,75,1000000,1.2,90,Lickitung,50.0,60,75,30,65.5
65,5120,70,340,95,1000000,0.6,40,Koffing,50.0,60,45,35,1.0
90,5120,70,490,120,1000000,1.2,65,Weezing,50.0,85,70,60,9.5
85,5120,70,345,95,1250000,1.0,80,Rhyhorn,50.0,30,30,25,115.0
130,5120,70,485,120,1250000,1.9,105,Rhydon,50.0,45,45,40,120.0
5,10240,140,450,5,800000,1.1,250,Chansey,0.0,35,105,50,34.6
55,5120,70,435,115,1000000,1.0,65,Tangela,50.0,100,40,60,35.0
125,5120,70,590,100,1000000,2.2,105,Kangaskhan,0.0,60,100,100,80.0
40,5120,70,295,70,1000000,0.4,30,Horsea,50.0,70,25,60,8.0
65,5120,70,440,95,1000000,1.2,55,Seadra,50.0,95,45,85,25.0
67,5120,70,320,60,1000000,0.6,45,Goldeen,50.0,35,50,63,15.0
92,5120,70,450,65,1000000,1.3,80,Seaking,50.0,65,80,68,39.0
45,5120,70,340,55,1250000,0.8,30,Staryu,,70,55,85,34.5
75,5120,70,520,85,1250000,1.1,60,Starmie,,100,85,115,80.0
45,6400,70,460,65,1000000,1.3,40,Mr. Mime,50.0,100,120,90,54.5
110,6400,70,500,80,1000000,1.5,70,Scyther,50.0,55,80,105,56.0
50,6400,70,455,35,1000000,1.4,65,Jynx,0.0,115,95,95,40.6
83,6400,70,490,57,1000000,1.1,65,Electabuzz,75.4,95,85,105,30.0
95,6400,70,495,57,1000000,1.3,65,Magmar,75.4,100,85,93,44.5
155,6400,70,600,120,1250000,1.5,65,Pinsir,50.0,65,90,105,55.0
100,5120,70,490,95,1250000,1.4,75,Tauros,100.0,40,70,110,88.4
10,1280,70,200,55,1250000,0.9,20,Magikarp,50.0,15,20,80,10.0
155,1280,70,640,109,1250000,6.5,95,Gyarados,50.0,70,130,81,235.0
85,10240,70,535,80,1250000,2.5,130,Lapras,50.0,85,95,60,220.0
48,5120,70,288,48,1000000,0.3,48,Ditto,,48,48,48,4.0
55,8960,70,325,50,1000000,0.3,55,Eevee,88.1,45,65,55,6.5
65,8960,70,525,60,1000000,1.0,130,Vaporeon,88.1,110,95,65,29.0
65,8960,70,525,60,1000000,0.8,65,Jolteon,88.1,110,95,130,24.5
130,8960,70,525,60,1000000,0.9,65,Flareon,88.1,95,110,65,25.0
60,5120,70,395,70,1000000,0.8,65,Porygon,,85,75,40,36.5
40,7680,70,355,100,1000000,0.4,35,Omanyte,88.1,90,55,35,7.5
60,7680,70,495,125,1000000,1.0,70,Omastar,88.1,115,70,55,35.0
80,7680,70,355,90,1000000,0.5,30,Kabuto,88.1,55,45,55,11.5
115,7680,70,495,105,1000000,1.3,60,Kabutops,88.1,65,70,80,40.5
135,8960,70,615,85,1250000,1.8,80,Aerodactyl,88.1,70,95,150,59.0
110,10240,70,540,65,1250000,2.1,160,Snorlax,88.1,65,110,30,460.0
85,20480,35,580,100,1250000,1.7,90,Articuno,,95,125,85,55.4
90,20480,35,580,85,1250000,1.6,90,Zapdos,,125,90,100,52.6
100,20480,35,580,90,1250000,2.0,90,Moltres,,125,85,90,60.0
64,10240,35,300,45,1250000,1.8,41,Dratini,50.0,50,50,50,3.3
84,10240,35,420,65,1250000,4.0,61,Dragonair,50.0,70,70,70,16.5
134,10240,35,600,95,1250000,2.2,91,Dragonite,50.0,100,100,80,210.0
150,30720,0,780,70,1250000,2.0,106,Mewtwo,,194,120,140,122.0
100,30720,100,600,100,1059860,0.4,100,Mew,,100,100,100,4.0
49,5120,70,318,65,1059860,0.9,45,Chikorita,88.1,49,65,45,6.4
62,5120,70,405,80,1059860,1.2,60,Bayleef,88.1,63,80,60,15.8
82,5120,70,525,100,1059860,1.8,80,Meganium,88.1,83,100,80,100.5
52,5120,70,309,43,1059860,0.5,39,Cyndaquil,88.1,60,50,65,7.9
64,5120,70,405,58,1059860,0.9,58,Quilava,88.1,80,65,80,19.0
84,5120,70,534,78,1059860,1.7,78,Typhlosion,88.1,109,85,100,79.5
65,5120,70,314,64,1059860,0.6,50,Totodile,88.1,44,48,43,9.5
80,5120,70,405,80,1059860,1.1,65,Croconaw,88.1,59,63,58,25.0
105,5120,70,530,100,1059860,2.3,85,Feraligatr,88.1,79,83,78,88.8
46,3840,70,215,34,1000000,0.8,35,Sentret,50.0,35,45,20,6.0
76,3840,70,415,64,1000000,1.8,85,Furret,50.0,45,55,90,32.5
30,3840,70,262,30,1000000,0.7,60,Hoothoot,50.0,36,56,50,21.2
50,3840,70,452,50,1000000,1.6,100,Noctowl,50.0,86,96,70,40.8
20,3840,70,265,30,800000,1.0,40,Ledyba,50.0,40,80,55,10.8
35,3840,70,390,50,800000,1.4,55,Ledian,50.0,55,110,85,35.6
60,3840,70,250,40,800000,0.5,40,Spinarak,50.0,40,40,30,8.5
90,3840,70,400,70,800000,1.1,70,Ariados,50.0,60,70,40,33.5
90,3840,70,535,80,1000000,1.8,85,Crobat,50.0,70,80,130,75.0
38,5120,70,330,38,1250000,0.5,75,Chinchou,50.0,56,56,67,12.0
58,5120,70,460,58,1250000,1.2,125,Lanturn,50.0,76,76,67,22.5
40,2560,70,205,15,1000000,0.3,20,Pichu,50.0,35,35,60,2.0
25,2560,140,218,28,800000,0.3,50,Cleffa,24.6,45,55,15,3.0
30,2560,70,210,15,800000,0.3,90,Igglybuff,24.6,40,20,15,1.0
20,2560,70,245,65,800000,0.3,35,Togepi,88.1,40,65,20,1.5
40,2560,70,405,85,800000,0.6,55,Togetic,88.1,80,105,40,3.2
50,5120,70,320,45,1000000,0.2,40,Natu,50.0,70,45,70,2.0
75,5120,70,470,70,1000000,1.5,65,Xatu,50.0,95,70,95,15.0
40,5120,70,280,40,1059860,0.6,55,Mareep,50.0,65,45,35,7.8
55,5120,70,365,55,1059860,0.8,70,Flaaffy,50.0,80,60,45,13.3
95,5120,70,610,105,1059860,1.4,90,Ampharos,50.0,165,110,45,61.5
80,5120,70,490,95,1059860,0.4,75,Bellossom,50.0,90,100,50,5.8
20,2560,70,250,50,800000,0.4,70,Marill,50.0,20,50,40,8.5
50,2560,70,420,80,800000,0.8,100,Azumarill,50.0,60,80,50,28.5
100,5120,70,410,115,1000000,1.2,70,Sudowoodo,50.0,30,65,30,38.0
75,5120,70,500,75,1059860,1.1,90,Politoed,50.0,90,100,70,33.9
35,5120,70,250,40,1059860,0.4,35,Hoppip,50.0,35,55,50,0.5
45,5120,70,340,50,1059860,0.6,55,Skiploom,50.0,45,65,80,1.0
55,5120,70,460,70,1059860,0.8,75,Jumpluff,50.0,55,95,110,3.0
70,5120,70,360,55,800000,0.8,55,Aipom,50.0,40,55,85,11.5
30,5120,70,180,30,1059860,0.3,30,Sunkern,50.0,30,30,30,1.8
75,5120,70,425,55,1059860,0.8,75,Sunflora,50.0,105,85,30,8.5
65,5120,70,390,45,1000000,1.2,65,Yanma,50.0,75,45,95,38.0
45,5120,70,210,45,1000000,0.4,55,Wooper,50.0,25,25,15,8.5
85,5120,70,430,85,1000000,1.4,95,Quagsire,50.0,65,65,35,75.0
65,8960,70,525,60,1000000,0.9,65,Espeon,88.1,130,95,110,26.5
65,8960,35,525,110,1000000,1.0,95,Umbreon,88.1,60,130,65,27.0
85,5120,35,405,42,1059860,0.5,60,Murkrow,50.0,85,42,91,2.1
75,5120,70,490,80,1000000,2.0,95,Slowking,50.0,100,110,30,79.5
60,6400,35,435,60,800000,0.7,60,Misdreavus,50.0,85,85,85,1.0
72,10240,70,336,48,1000000,0.5,48,Unown,,72,48,48,5.0
33,5120,70,405,58,1000000,1.3,190,Wobbuffet,50.0,33,58,33,28.5
80,5120,70,455,65,1000000,1.5,70,Girafarig,50.0,90,65,85,41.5
65,5120,70,290,90,1000000,0.6,50,Pineco,50.0,35,35,15,7.2
90,5120,70,465,140,1000000,1.2,75,Forretress,50.0,60,60,40,125.8
70,5120,70,415,70,1000000,1.5,100,Dunsparce,50.0,65,65,45,14.0
75,5120,70,430,105,1059860,1.1,65,Gligar,50.0,35,65,85,64.8
125,6400,70,610,230,1000000,9.2,75,Steelix,50.0,55,95,30,400.0
80,5120,70,300,50,800000,0.6,60,Snubbull,24.6,40,40,30,7.8
120,5120,70,450,75,800000,1.4,90,Granbull,24.6,60,60,45,48.7
95,5120,70,440,85,1000000,0.5,65,Qwilfish,50.0,55,55,85,3.9
150,6400,70,600,140,1000000,1.8,70,Scizor,50.0,65,100,75,118.0
10,5120,70,505,230,1059860,0.6,20,Shuckle,50.0,10,230,5,20.5
185,6400,70,600,115,1250000,1.5,80,Heracross,50.0,40,105,75,54.0
95,5120,35,430,55,1059860,0.9,55,Sneasel,50.0,35,75,115,28.0
80,5120,70,330,50,1000000,0.6,60,Teddiursa,50.0,50,50,40,8.8
130,5120,70,500,75,1000000,1.8,90,Ursaring,50.0,75,75,55,125.8
40,5120,70,250,40,1000000,0.7,40,Slugma,50.0,70,40,20,35.0
50,5120,70,430,120,1000000,0.8,60,Magcargo,50.0,90,80,30,55.0
50,5120,70,250,40,1250000,0.4,50,Swinub,50.0,30,30,50,6.5
100,5120,70,450,80,1250000,1.1,100,Piloswine,50.0,60,60,50,55.8
55,5120,70,410,95,800000,0.6,65,Corsola,24.6,65,95,35,5.0
65,5120,70,300,35,1000000,0.6,35,Remoraid,50.0,65,35,65,12.0
105,5120,70,480,75,1000000,0.9,75,Octillery,50.0,105,75,45,28.5
55,5120,70,330,45,800000,0.9,45,Delibird,50.0,65,45,75,16.0
40,6400,70,485,70,1250000,2.1,85,Mantine,50.0,80,140,70,220.0
80,6400,70,465,140,1250000,1.7,65,Skarmory,50.0,40,70,70,50.5
60,5120,35,330,30,1250000,0.6,45,Houndour,50.0,80,50,65,10.8
90,5120,35,600,90,1250000,1.4,75,Houndoom,50.0,140,90,115,35.0
95,5120,70,540,95,1000000,1.8,75,Kingdra,50.0,95,95,85,152.0
60,5120,70,330,60,1000000,0.5,90,Phanpy,50.0,40,40,40,33.5
120,5120,70,500,120,1000000,1.1,90,Donphan,50.0,60,60,50,120.0
80,5120,70,515,90,1000000,0.6,85,Porygon2,,105,95,60,32.5
95,5120,70,465,62,1250000,1.4,73,Stantler,50.0,85,65,85,71.2
20,5120,70,250,35,800000,1.2,55,Smeargle,50.0,20,45,75,58.0
35,6400,70,210,35,1000000,0.7,35,Tyrogue,100.0,35,35,35,21.0
95,6400,70,455,95,1000000,1.4,50,Hitmontop,100.0,35,110,70,48.0
30,6400,70,305,15,1000000,0.4,45,Smoochum,0.0,85,65,65,6.0
63,6400,70,360,37,1000000,0.6,45,Elekid,75.4,65,55,95,23.5
75,6400,70,365,37,1000000,0.7,45,Magby,75.4,70,55,83,21.4
80,5120,70,490,105,1250000,1.2,95,Miltank,0.0,40,70,100,75.5
10,10240,140,540,10,800000,1.5,255,Blissey,0.0,75,135,55,46.8
85,20480,35,580,75,1250000,1.9,90,Raikou,,115,100,115,178.0
115,20480,35,580,85,1250000,2.1,115,Entei,,90,75,100,198.0
75,20480,35,580,115,1250000,2.0,100,Suicune,,90,115,85,187.0
64,10240,35,300,50,1250000,0.6,50,Larvitar,50.0,45,50,41,72.0
84,10240,35,410,70,1250000,1.2,70,Pupitar,50.0,65,70,51,152.0
164,10240,35,700,150,1250000,2.0,100,Tyranitar,50.0,95,120,71,202.0
90,30720,0,680,130,1250000,5.2,106,Lugia,,90,154,110,216.0
130,30720,0,680,90,1250000,3.8,106,Ho-Oh,,110,154,90,199.0
100,30720,100,600,100,1059860,0.6,100,Celebi,,100,100,100,5.0
45,5120,70,310,35,1059860,0.5,40,Treecko,88.1,65,55,70,5.0
65,5120,70,405,45,1059860,0.9,50,Grovyle,88.1,85,65,95,21.6
110,5120,70,630,75,1059860,1.7,70,Sceptile,88.1,145,85,145,52.2
60,5120,70,310,40,1059860,0.4,45,Torchic,88.1,70,50,45,2.5
85,5120,70,405,60,1059860,0.9,60,Combusken,88.1,85,60,55,19.5
160,5120,70,630,80,1059860,1.9,80,Blaziken,88.1,130,80,100,52.0
70,5120,70,310,50,1059860,0.4,50,Mudkip,88.1,50,50,40,7.6
85,5120,70,405,70,1059860,0.7,70,Marshtomp,88.1,60,70,50,28.0
150,5120,70,635,110,1059860,1.5,100,Swampert,88.1,95,110,70,81.9
55,3840,70,220,35,1000000,0.5,35,Poochyena,50.0,30,30,35,13.6
90,3840,70,420,70,1000000,1.0,70,Mightyena,50.0,60,60,70,37.0
30,3840,70,240,41,1000000,0.4,38,Zigzagoon,50.0,30,41,60,17.5
70,3840,70,420,61,1000000,0.5,78,Linoone,50.0,50,61,100,32.5
45,3840,70,195,35,1000000,0.3,45,Wurmple,50.0,20,30,20,3.6
35,3840,70,205,55,1000000,0.6,50,Silcoon,50.0,25,25,15,10.0
70,3840,70,395,50,1000000,1.0,60,Beautifly,50.0,100,50,65,28.4
35,3840,70,205,55,1000000,0.7,50,Cascoon,50.0,25,25,15,11.5
50,3840,70,385,70,1000000,1.2,60,Dustox,50.0,50,90,65,31.6
30,3840,70,220,30,1059860,0.5,40,Lotad,50.0,40,50,30,2.6
50,3840,70,340,50,1059860,1.2,60,Lombre,50.0,60,70,50,32.5
70,3840,70,480,70,1059860,1.5,80,Ludicolo,50.0,90,100,70,55.0
40,3840,70,220,50,1059860,0.5,40,Seedot,50.0,30,30,30,4.0
70,3840,70,340,40,1059860,1.0,70,Nuzleaf,50.0,60,40,60,28.0
100,3840,70,480,60,1059860,1.3,90,Shiftry,50.0,90,60,80,59.6
55,3840,70,270,30,1059860,0.3,40,Taillow,50.0,30,30,85,2.3
85,3840,70,455,60,1059860,0.7,60,Swellow,50.0,75,50,125,19.8
30,5120,70,270,30,1000000,0.6,40,Wingull,50.0,55,30,85,9.5
50,5120,70,440,100,1000000,1.2,60,Pelipper,50.0,95,70,65,28.0
25,5120,35,198,25,1250000,0.4,28,Ralts,50.0,45,35,40,6.6
35,5120,35,278,35,1250000,0.8,38,Kirlia,50.0,65,55,50,20.2
85,5120,35,618,65,1250000,1.6,68,Gardevoir,50.0,165,135,100,48.4
30,3840,70,269,32,1000000,0.5,40,Surskit,50.0,50,52,65,1.7
60,3840,70,454,62,1000000,0.8,70,Masquerain,50.0,100,82,80,3.6
40,3840,70,295,60,1640000,0.4,60,Shroomish,50.0,40,60,35,4.5
130,3840,70,460,80,1640000,1.2,60,Breloom,50.0,60,60,70,39.2
60,3840,70,280,60,1250000,0.8,60,Slakoth,50.0,35,35,30,24.0
80,3840,70,440,80,1250000,1.4,80,Vigoroth,50.0,55,55,90,46.5
160,3840,70,670,100,1250000,2.0,150,Slaking,50.0,95,65,100,130.5
45,3840,70,266,90,600000,0.5,31,Nincada,50.0,30,30,40,5.5
90,3840,70,456,45,600000,0.8,61,Ninjask,50.0,50,50,160,12.0
90,3840,70,236,45,600000,0.8,1,Shedinja,,30,30,40,1.2
51,5120,70,240,23,1059860,0.6,64,Whismur,50.0,51,23,28,16.3
71,5120,70,360,43,1059860,1.0,84,Loudred,50.0,71,43,48,40.5
91,5120,70,490,63,1059860,1.5,104,Exploud,50.0,91,73,68,84.0
60,5120,70,237,30,1640000,1.0,72,Makuhita,75.4,20,30,25,86.4
120,5120,70,474,60,1640000,2.3,144,Hariyama,75.4,40,60,50,253.8
20,2560,70,190,40,800000,0.2,50,Azurill,24.6,20,40,20,2.0
45,5120,70,375,135,1000000,1.0,30,Nosepass,50.0,45,90,30,97.0
45,3840,70,260,45,800000,0.6,50,Skitty,24.6,35,35,50,11.0
65,3840,70,400,65,800000,1.1,70,Delcatty,24.6,55,55,90,32.6
85,6400,35,480,125,1059860,0.5,50,Sableye,50.0,85,115,20,11.0
105,5120,70,480,125,800000,0.6,50,Mawile,50.0,55,95,50,11.5
70,8960,35,330,100,1250000,0.4,50,Aron,50.0,40,40,30,60.0
90,8960,35,430,140,1250000,0.9,60,Lairon,50.0,50,50,40,120.0
140,8960,35,630,230,1250000,2.1,70,Aggron,50.0,60,80,50,360.0
40,5120,70,280,55,1000000,0.6,30,Meditite,50.0,40,55,60,11.2
100,5120,70,510,85,1000000,1.3,60,Medicham,50.0,80,85,100,31.5
45,5120,70,295,40,1250000,0.6,40,Electrike,50.0,65,40,65,15.2
75,5120,70,575,80,1250000,1.5,70,Manectric,50.0,135,80,135,40.2
50,5120,70,405,40,1000000,0.4,60,Plusle,50.0,85,75,95,4.2
40,5120,70,405,50,1000000,0.4,60,Minun,50.0,75,85,95,4.2
73,3840,70,430,75,600000,0.7,65,Volbeat,100.0,47,85,85,17.7
47,3840,70,430,75,1640000,0.6,65,Illumise,0.0,73,85,85,17.7
60,5120,70,400,45,1059860,0.3,50,Roselia,50.0,100,80,65,2.0
43,5120,70,302,53,1640000,0.4,70,Gulpin,50.0,43,53,40,10.3
73,5120,70,467,83,1640000,1.7,100,Swalot,50.0,73,83,55,80.0
90,5120,35,305,20,1250000,0.8,45,Carvanha,50.0,65,20,65,20.8
140,5120,35,560,70,1250000,1.8,70,Sharpedo,50.0,110,65,105,88.8
70,10240,70,400,35,1640000,2.0,130,Wailmer,50.0,70,35,60,130.0
90,10240,70,500,45,1640000,14.5,170,Wailord,50.0,90,45,60,398.0
60,5120,70,305,40,1000000,0.7,60,Numel,50.0,65,45,35,24.0
120,5120,70,560,100,1000000,1.9,70,Camerupt,50.0,145,105,20,220.0
85,5120,70,470,140,1000000,0.5,70,Torkoal,50.0,85,70,20,80.4
25,5120,70,330,35,800000,0.7,60,Spoink,50.0,70,80,60,30.6
45,5120,70,470,65,800000,0.9,80,Grumpig,50.0,90,110,80,71.5
60,3840,70,360,60,800000,1.1,60,Spinda,50.0,60,60,60,5.0
100,5120,70,290,45,1059860,0.7,45,Trapinch,50.0,45,45,10,15.0
70,5120,70,340,50,1059860,1.1,50,Vibrava,50.0,50,50,70,15.3
100,5120,70,520,80,1059860,2.0,80,Flygon,50.0,80,80,100,82.0
85,5120,35,335,40,1059860,0.4,50,Cacnea,50.0,85,40,35,51.3
115,5120,35,475,60,1059860,1.3,70,Cacturne,50.0,115,60,55,77.4
40,5120,70,310,60,600000,0.4,45,Swablu,50.0,40,75,50,1.2
110,5120,70,590,110,600000,1.1,75,Altaria,50.0,110,105,80,20.6
115,5120,70,458,60,600000,1.3,73,Zangoose,50.0,60,60,90,40.3
100,5120,70,458,60,1640000,2.7,73,Seviper,50.0,100,60,65,52.5
55,6400,70,460,65,800000,1.0,90,Lunatone,,95,85,70,168.0
95,6400,70,460,85,800000,1.2,90,Solrock,,55,65,70,154.0
48,5120,70,288,43,1000000,0.4,50,Barboach,50.0,46,41,60,1.9
78,5120,70,468,73,1000000,0.9,110,Whiscash,50.0,76,71,60,23.6
80,3840,70,308,65,1640000,0.6,43,Corphish,50.0,50,35,35,11.5
120,3840,70,468,85,1640000,1.1,63,Crawdaunt,50.0,90,55,55,32.8
40,5120,70,300,55,1000000,0.5,40,Baltoy,,40,70,55,21.5
70,5120,70,500,105,1000000,1.5,60,Claydol,,70,120,75,108.0
41,7680,70,355,77,600000,1.0,66,Lileep,88.1,61,87,23,23.8
81,7680,70,495,97,600000,1.5,86,Cradily,88.1,81,107,43,60.4
95,7680,70,355,50,600000,0.7,45,Anorith,88.1,40,50,75,12.5
125,7680,70,495,100,600000,1.5,75,Armaldo,88.1,70,80,45,68.2
15,5120,70,200,20,600000,0.6,20,Feebas,50.0,10,55,80,7.4
60,5120,70,540,79,600000,6.2,95,Milotic,50.0,100,125,81,162.0
70,6400,70,420,70,1000000,0.3,70,Castform,50.0,70,70,70,0.8
90,5120,70,440,70,1059860,1.0,60,Kecleon,50.0,60,120,40,22.0
75,6400,35,295,35,800000,0.6,44,Shuppet,50.0,63,33,45,2.3
165,6400,35,555,75,800000,1.1,64,Banette,50.0,93,83,75,12.5
40,6400,35,295,90,800000,0.8,20,Duskull,50.0,30,90,25,15.0
70,6400,35,455,130,800000,1.6,40,Dusclops,50.0,60,130,25,30.6
68,6400,70,460,83,1250000,2.0,99,Tropius,50.0,72,87,51,100.0
50,6400,70,455,80,800000,0.6,75,Chimecho,50.0,95,90,65,1.0
150,6400,35,565,60,1059860,1.2,65,Absol,50.0,115,60,115,47.0
23,5120,70,260,48,1000000,0.6,95,Wynaut,50.0,23,48,23,14.0
50,5120,70,300,50,1000000,0.7,50,Snorunt,50.0,50,50,50,16.8
120,5120,70,580,80,1000000,1.5,80,Glalie,50.0,120,80,100,256.5
40,5120,70,290,50,1059860,0.8,70,Spheal,50.0,55,50,25,39.5
60,5120,70,410,70,1059860,1.1,90,Sealeo,50.0,75,70,45,87.6
80,5120,70,530,90,1059860,1.4,110,Walrein,50.0,95,90,65,150.6
64,5120,70,345,85,600000,0.4,35,Clamperl,50.0,74,55,32,52.5
104,5120,70,485,105,600000,1.7,55,Huntail,50.0,94,75,52,27.0
84,5120,70,485,105,600000,1.8,55,Gorebyss,50.0,114,75,52,22.6
90,10240,70,485,130,1250000,1.0,100,Relicanth,88.1,45,65,55,23.4
30,5120,70,330,55,800000,0.6,43,Luvdisc,24.6,40,65,97,8.7
75,10240,35,300,60,1250000,0.6,45,Bagon,50.0,40,30,50,42.1
95,10240,35,420,100,1250000,1.1,65,Shelgon,50.0,60,50,50,110.5
145,10240,35,700,130,1250000,1.5,95,Salamence,50.0,120,90,120,102.6
55,10240,35,300,80,1250000,0.6,40,Beldum,,35,60,30,95.2
75,10240,35,420,100,1250000,1.2,60,Metang,,55,80,50,202.5
145,10240,35,700,150,1250000,1.6,80,Metagross,,105,110,110,550.0
100,20480,35,580,200,1250000,1.7,80,Regirock,,50,100,50,230.0
50,20480,35,580,100,1250000,1.8,80,Regice,,100,200,50,175.0
75,20480,35,580,150,1250000,1.9,80,Registeel,,75,150,50,205.0
100,30720,90,700,120,1250000,1.4,80,Latias,0.0,140,150,110,40.0
130,30720,90,700,100,1250000,2.0,80,Latios,100.0,160,120,110,60.0
150,30720,0,770,90,1250000,4.5,100,Kyogre,,180,160,90,352.0
180,30720,0,770,160,1250000,3.5,100,Groudon,,150,90,90,950.0
180,30720,0,780,100,1250000,7.0,105,Rayquaza,,180,100,115,206.5
100,30720,100,600,100,1250000,0.3,100,Jirachi,,100,100,100,1.1
95,30720,0,600,90,1250000,1.7,50,Deoxys,,95,90,180,60.8
68,5120,70,318,64,1059860,0.4,55,Turtwig,88.1,45,55,31,10.2
89,5120,70,405,85,1059860,1.1,75,Grotle,88.1,55,65,36,97.0
109,5120,70,525,105,1059860,2.2,95,Torterra,88.1,75,85,56,310.0
58,5120,70,309,44,1059860,0.5,44,Chimchar,88.1,58,44,61,6.2
78,5120,70,405,52,1059860,0.9,64,Monferno,88.1,78,52,81,22.0
104,5120,70,534,71,1059860,1.2,76,Infernape,88.1,104,71,108,55.0
51,5120,70,314,53,1059860,0.4,53,Piplup,88.1,61,56,40,5.2
66,5120,70,405,68,1059860,0.8,64,Prinplup,88.1,81,76,50,23.0
86,5120,70,530,88,1059860,1.7,84,Empoleon,88.1,111,101,60,84.5
55,3840,70,245,30,1059860,0.3,40,Starly,50.0,30,30,60,2.0
75,3840,70,340,50,1059860,0.6,55,Staravia,50.0,40,40,80,15.5
120,3840,70,485,70,1059860,1.2,85,Staraptor,50.0,50,60,100,24.9
45,3840,70,250,40,1000000,0.5,59,Bidoof,50.0,35,40,31,20.0
85,3840,70,410,60,1000000,1.0,79,Bibarel,50.0,55,60,71,31.5
25,3840,70,194,41,1059860,0.3,37,Kricketot,50.0,25,41,25,2.2
85,3840,70,384,51,1059860,1.0,77,Kricketune,50.0,55,51,65,25.5
65,5120,70,263,34,1059860,0.5,45,Shinx,50.0,40,34,45,9.5
85,5120,100,363,49,1059860,0.9,60,Luxio,50.0,60,49,60,30.5
120,5120,70,523,79,1059860,1.4,80,Luxray,50.0,95,79,70,42.0
30,5120,70,280,35,1059860,0.2,40,Budew,50.0,50,70,55,1.2
70,5120,70,515,65,1059860,0.9,60,Roserade,50.0,125,105,90,14.5
125,7680,70,350,40,600000,0.9,67,Cranidos,88.1,30,30,58,31.5
165,7680,70,495,60,600000,1.6,97,Rampardos,88.1,65,50,58,102.5
42,7680,70,350,118,600000,0.5,30,Shieldon,88.1,42,88,30,57.0
52,7680,70,495,168,600000,1.3,60,Bastiodon,88.1,47,138,30,149.5
29,3840,70,224,45,1000000,0.2,40,Burmy,50.0,29,45,36,3.4
69,3840,70,424,95,1000000,0.5,60,Wormadam,0.0,69,95,36,6.5
94,3840,70,424,50,1000000,0.9,70,Mothim,100.0,94,50,66,23.3
30,3840,70,244,42,1059860,0.3,30,Combee,88.1,30,42,70,5.5
80,3840,70,474,102,1059860,1.2,70,Vespiquen,0.0,80,102,40,38.5
45,2560,100,405,70,1000000,0.4,60,Pachirisu,50.0,45,90,95,3.9
65,5120,70,330,35,1000000,0.7,55,Buizel,50.0,60,30,85,29.5
105,5120,70,495,55,1000000,1.1,85,Floatzel,50.0,85,50,115,33.5
35,5120,70,275,45,1000000,0.4,45,Cherubi,50.0,62,53,35,3.3
60,5120,70,450,70,1000000,0.5,70,Cherrim,50.0,87,78,85,9.3
48,5120,70,325,48,1000000,0.3,76,Shellos,50.0,57,62,34,6.3
83,5120,70,475,68,1000000,0.9,111,Gastrodon,50.0,92,82,39,29.9
100,5120,100,482,66,800000,1.2,75,Ambipom,50.0,60,66,115,20.3
50,7680,70,348,34,1640000,0.4,90,Drifloon,50.0,60,44,70,1.2
80,7680,70,498,44,1640000,1.2,150,Drifblim,50.0,90,54,80,15.0
66,5120,0,350,44,1000000,0.4,55,Buneary,50.0,44,56,85,5.5
136,5120,140,580,94,1000000,1.2,65,Lopunny,50.0,54,96,135,33.3
60,6400,35,495,60,800000,0.9,60,Mismagius,50.0,105,105,105,4.4
125,5120,35,505,52,1059860,0.9,100,Honchkrow,50.0,105,52,71,27.3
55,5120,70,310,42,800000,0.5,49,Glameow,24.6,42,37,85,3.9
82,5120,70,452,64,800000,1.0,71,Purugly,24.6,64,59,112,43.8
30,6400,70,285,50,800000,0.2,45,Chingling,50.0,65,50,45,0.6
63,5120,70,329,47,1000000,0.4,63,Stunky,50.0,41,41,74,19.2
93,5120,70,479,67,1000000,1.0,103,Skuntank,50.0,71,61,84,38.0
24,5120,70,300,86,1000000,0.5,57,Bronzor,,24,86,23,60.5
89,5120,70,500,116,1000000,1.3,67,Bronzong,,79,116,33,187.0
80,5120,70,290,95,1000000,0.5,50,Bonsly,50.0,10,45,10,15.0
25,6400,70,310,45,1000000,0.6,20,Mime Jr.,50.0,70,90,60,13.0
5,10240,140,220,5,800000,0.6,100,Happiny,0.0,15,65,30,24.4
65,5120,35,411,45,1059860,0.5,76,Chatot,50.0,92,42,91,1.9
92,7680,70,485,108,1000000,1.0,50,Spiritomb,50.0,92,108,35,108.0
70,10240,70,300,45,1250000,0.7,58,Gible,50.0,40,45,42,20.5
90,10240,70,410,65,1250000,1.4,68,Gabite,50.0,50,55,82,56.0
170,10240,70,700,115,1250000,1.9,108,Garchomp,50.0,120,95,92,95.0
85,10240,70,390,40,1250000,0.6,135,Munchlax,88.1,40,85,5,105.0
70,6400,70,285,40,1059860,0.7,40,Riolu,88.1,35,40,60,20.2
145,6400,70,625,88,1059860,1.2,70,Lucario,88.1,140,70,112,54.0
72,7680,70,330,78,1250000,0.8,68,Hippopotas,50.0,38,42,32,49.5
112,7680,70,525,118,1250000,2.0,108,Hippowdon,50.0,68,72,47,300.0
50,5120,70,330,90,1250000,0.8,40,Skorupi,50.0,30,55,65,12.0
90,5120,70,500,110,1250000,1.3,70,Drapion,50.0,60,75,95,61.5
61,2560,100,300,40,1000000,0.7,48,Croagunk,50.0,61,40,50,23.0
106,5120,70,490,65,1000000,1.3,83,Toxicroak,50.0,86,65,85,44.4
100,6400,70,454,72,1250000,1.4,74,Carnivine,50.0,90,72,46,27.0
49,5120,70,330,56,600000,0.4,49,Finneon,50.0,49,61,66,7.0
69,5120,70,460,76,600000,1.2,69,Lumineon,50.0,69,86,91,24.0
20,6400,70,345,50,1250000,1.0,45,Mantyke,50.0,60,120,50,65.0
62,5120,70,334,50,1250000,1.0,60,Snover,50.0,62,60,40,50.5
132,5120,70,594,105,1250000,2.2,90,Abomasnow,50.0,132,105,30,135.5
120,5120,35,510,65,1059860,1.1,70,Weavile,50.0,45,85,125,34.0
70,5120,70,535,115,1000000,1.2,70,Magnezone,,130,90,60,180.0
85,5120,70,515,95,1000000,1.7,110,Lickilicky,50.0,80,95,50,140.0
140,5120,70,535,130,1250000,2.4,115,Rhyperior,50.0,55,55,40,282.8
100,5120,70,535,125,1000000,2.0,100,Tangrowth,50.0,110,50,50,128.6
123,6400,70,540,67,1000000,1.8,75,Electivire,75.4,95,85,95,138.6
95,6400,70,540,67,1000000,1.6,75,Magmortar,75.4,125,95,83,68.0
50,2560,70,545,95,800000,1.5,85,Togekiss,88.1,120,115,80,38.0
76,5120,70,515,86,1000000,1.9,86,Yanmega,50.0,116,56,95,51.5
110,8960,35,525,130,1000000,1.0,65,Leafeon,88.1,60,65,95,25.5
60,8960,35,525,110,1000000,0.8,65,Glaceon,88.1,130,95,65,25.9
95,5120,70,510,125,1059860,2.0,75,Gliscor,50.0,45,75,95,42.5
130,5120,70,530,80,1250000,2.5,110,Mamoswine,50.0,70,60,80,291.0
80,5120,70,535,70,1000000,0.9,85,Porygon-Z,,135,75,90,34.0
165,5120,35,618,95,1250000,1.6,68,Gallade,100.0,65,115,110,52.0
55,5120,70,525,145,1000000,1.4,60,Probopass,50.0,75,150,40,340.0
100,6400,35,525,135,800000,2.2,45,Dusknoir,50.0,65,135,45,106.6
80,5120,70,480,70,1000000,1.3,70,Froslass,0.0,80,70,110,26.6
65,5120,70,520,107,1000000,0.3,50,Rotom,,105,107,86,0.3
75,20480,140,580,130,1250000,0.3,75,Uxie,,75,130,95,0.3
105,20480,140,580,105,1250000,0.3,80,Mesprit,,105,105,80,0.3
125,20480,140,580,70,1250000,0.3,75,Azelf,,125,70,115,0.3
120,30720,0,680,120,1250000,5.4,100,Dialga,,150,100,90,683.0
120,30720,0,680,100,1250000,4.2,90,Palkia,,150,120,100,336.0
90,2560,100,600,106,1250000,1.7,91,Heatran,50.0,130,106,77,430.0
160,30720,0,670,110,1250000,3.7,110,Regigigas,,80,110,100,420.0
120,30720,0,680,100,1250000,4.5,150,Giratina,,120,100,90,750.0
70,30720,100,600,120,1250000,1.5,120,Cresselia,0.0,75,130,85,85.6
80,10240,70,480,80,1250000,0.4,80,Phione,,80,80,80,3.1
100,2560,70,600,100,1250000,0.3,100,Manaphy,,100,100,100,1.4
90,30720,0,600,90,1250000,1.5,70,Darkrai,,135,90,125,50.5
103,30720,100,600,75,1059860,0.2,100,Shaymin,,120,75,127,2.1
120,30720,0,720,120,1250000,3.2,120,Arceus,,120,120,120,320.0
100,30720,100,600,100,1250000,0.4,100,Victini,,100,100,100,4.0
45,5120,70,308,55,1059860,0.6,45,Snivy,88.1,45,55,63,8.1
60,5120,70,413,75,1059860,0.8,60,Servine,88.1,60,75,83,16.0
75,5120,70,528,95,1059860,3.3,75,Serperior,88.1,75,95,113,63.0
63,5120,70,308,45,1059860,0.5,65,Tepig,88.1,45,45,45,9.9
93,5120,70,418,55,1059860,1.0,90,Pignite,88.1,70,55,55,55.5
123,5120,70,528,65,1059860,1.6,110,Emboar,88.1,100,65,65,150.0
55,5120,70,308,45,1059860,0.5,55,Oshawott,88.1,63,45,45,5.9
75,5120,70,413,60,1059860,0.8,75,Dewott,88.1,83,60,60,24.5
100,5120,70,528,85,1059860,1.5,95,Samurott,88.1,108,70,70,94.6
55,3840,70,255,39,1000000,0.5,45,Patrat,50.0,35,39,42,11.6
85,5120,70,420,69,1000000,1.1,60,Watchog,50.0,60,69,77,27.0
60,3840,70,275,45,1059860,0.4,45,Lillipup,50.0,25,45,55,4.1
80,3840,70,370,65,1059860,0.9,65,Herdier,50.0,35,65,60,14.7
110,3840,70,500,90,1059860,1.2,85,Stoutland,50.0,45,90,80,61.0
50,5120,70,281,37,1000000,0.4,41,Purrloin,50.0,50,37,66,10.1
88,5120,70,446,50,1000000,1.1,64,Liepard,50.0,88,50,106,37.5
53,5120,70,316,48,1000000,0.6,50,Pansage,88.1,53,48,64,10.5
98,5120,70,498,63,1000000,1.1,75,Simisage,88.1,98,63,101,30.5
53,5120,70,316,48,1000000,0.6,50,Pansear,88.1,53,48,64,11.0
98,5120,70,498,63,1000000,1.0,75,Simisear,88.1,98,63,101,28.0
53,5120,70,316,48,1000000,0.6,50,Panpour,88.1,53,48,64,13.5
98,5120,70,498,63,1000000,1.0,75,Simipour,88.1,98,63,101,29.0
25,2560,70,292,45,800000,0.6,76,Munna,50.0,67,55,24,23.3
55,2560,70,487,85,800000,1.1,116,Musharna,50.0,107,95,29,60.5
55,3840,70,264,50,1059860,0.3,50,Pidove,50.0,36,30,43,2.1
77,3840,70,358,62,1059860,0.6,62,Tranquill,50.0,50,42,65,15.0
115,3840,70,488,80,1059860,1.2,80,Unfezant,50.0,65,55,93,29.0
60,5120,70,295,32,1000000,0.8,45,Blitzle,50.0,50,32,76,29.8
100,5120,70,497,63,1000000,1.6,75,Zebstrika,50.0,80,63,116,79.5
75,3840,70,280,85,1059860,0.4,55,Roggenrola,50.0,25,25,15,18.0
105,3840,70,390,105,1059860,0.9,70,Boldore,50.0,50,40,20,102.0
135,3840,70,515,130,1059860,1.7,85,Gigalith,50.0,60,80,25,260.0
45,3840,70,323,43,1000000,0.4,65,Woobat,50.0,55,43,72,2.1
57,3840,70,425,55,1000000,0.9,67,Swoobat,50.0,77,55,114,10.5
85,5120,70,328,40,1000000,0.3,60,Drilbur,50.0,30,45,68,8.5
135,5120,70,508,60,1000000,0.7,110,Excadrill,50.0,50,65,88,40.4
60,5120,70,545,126,800000,1.1,103,Audino,50.0,80,126,50,31.0
80,5120,70,305,55,1059860,0.6,75,Timburr,75.4,25,35,35,12.5
105,5120,70,405,85,1059860,1.2,85,Gurdurr,75.4,40,50,40,40.0
140,5120,70,505,95,1059860,1.4,105,Conkeldurr,75.4,55,65,45,87.0
50,5120,70,294,40,1059860,0.5,50,Tympole,50.0,50,40,64,4.5
65,5120,70,384,55,1059860,0.8,75,Palpitoad,50.0,65,55,69,17.0
95,5120,70,509,75,1059860,1.5,105,Seismitoad,50.0,85,75,74,62.0
100,5120,70,465,85,1000000,1.3,120,Throh,100.0,30,85,45,55.5
125,5120,70,465,75,1000000,1.4,75,Sawk,100.0,30,75,85,51.0
53,3840,70,310,70,1059860,0.3,45,Sewaddle,50.0,40,60,42,2.5
63,3840,70,380,90,1059860,0.5,55,Swadloon,50.0,50,80,42,7.3
103,3840,70,500,80,1059860,1.2,75,Leavanny,50.0,70,80,92,20.5
45,3840,70,260,59,1059860,0.4,30,Venipede,50.0,30,39,57,5.3
55,3840,70,360,99,1059860,1.2,40,Whirlipede,50.0,40,79,47,58.5
100,5120,70,485,89,1059860,2.5,60,Scolipede,50.0,55,69,112,200.5
27,5120,70,280,60,1000000,0.3,40,Cottonee,50.0,37,50,66,0.6
67,5120,70,480,85,1000000,0.7,60,Whimsicott,50.0,77,75,116,6.6
35,5120,70,280,50,1000000,0.5,45,Petilil,0.0,70,50,30,6.6
60,5120,70,480,75,1000000,1.1,70,Lilligant,0.0,110,75,90,16.3
92,10240,70,460,65,1000000,1.0,70,Basculin,50.0,80,55,98,18.0
72,5120,70,292,35,1059860,0.7,50,Sandile,50.0,35,35,65,15.2
82,5120,70,351,45,1059860,1.0,60,Krokorok,50.0,45,45,74,33.4
117,5120,70,519,80,1059860,1.5,95,Krookodile,50.0,65,70,92,96.3
90,5120,70,315,45,1059860,0.6,70,Darumaka,50.0,15,45,50,37.5
30,5120,70,540,105,1059860,1.3,105,Darmanitan,50.0,140,105,55,92.9
86,5120,70,461,67,1000000,1.0,75,Maractus,50.0,106,67,60,28.0
65,5120,70,325,85,1000000,0.3,50,Dwebble,50.0,35,35,55,14.5
105,5120,70,485,125,1000000,1.4,70,Crustle,50.0,65,75,45,200.0
75,3840,35,348,70,1000000,0.6,50,Scraggy,50.0,35,70,48,11.8
90,3840,70,488,115,1000000,1.1,65,Scrafty,50.0,45,115,58,30.0
58,5120,70,490,80,1000000,1.4,72,Sigilyph,50.0,103,80,97,14.0
30,6400,70,303,85,1000000,0.5,38,Yamask,50.0,55,65,30,1.5
50,6400,70,483,145,1000000,1.7,58,Cofagrigus,50.0,95,105,30,76.5
78,7680,70,355,103,1000000,0.7,54,Tirtouga,88.1,53,45,22,16.5
108,7680,70,495,133,1000000,1.2,74,Carracosta,88.1,83,65,32,81.0
112,7680,70,401,45,1000000,0.5,55,Archen,88.1,74,45,70,9.5
140,7680,70,567,65,1000000,1.4,75,Archeops,88.1,112,65,110,32.0
50,5120,70,329,62,1000000,0.6,50,Trubbish,50.0,40,62,65,31.0
95,5120,70,474,82,1000000,1.9,80,Garbodor,50.0,60,82,75,107.3
65,6400,70,330,40,1059860,0.7,40,Zorua,88.1,80,40,65,12.5
105,5120,70,510,60,1059860,1.6,60,Zoroark,88.1,120,60,105,81.1
50,3840,70,300,40,800000,0.4,55,Minccino,24.6,40,40,75,5.8
95,3840,70,470,60,800000,0.5,75,Cinccino,24.6,65,60,115,7.5
30,5120,70,290,50,1059860,0.4,45,Gothita,24.6,55,65,45,5.8
45,5120,70,390,70,1059860,0.7,60,Gothorita,24.6,75,85,55,18.0
55,5120,70,490,95,1059860,1.5,70,Gothitelle,24.6,95,110,65,44.0
30,5120,70,290,40,1059860,0.3,45,Solosis,50.0,105,50,20,1.0
40,5120,70,370,50,1059860,0.6,65,Duosion,50.0,125,60,30,8.0
65,5120,70,490,75,1059860,1.0,110,Reuniclus,50.0,125,85,30,20.1
44,5120,70,305,50,1000000,0.5,62,Ducklett,50.0,44,50,55,5.5
87,5120,70,473,63,1000000,1.3,75,Swanna,50.0,87,63,98,24.2
50,5120,70,305,50,1250000,0.4,36,Vanillite,50.0,65,60,44,5.7
65,5120,70,395,65,1250000,1.1,51,Vanillish,50.0,80,75,59,41.0
95,5120,70,535,85,1250000,1.3,71,Vanilluxe,50.0,110,95,79,57.5
60,5120,70,335,50,1000000,0.6,60,Deerling,50.0,40,50,75,19.5
100,5120,70,475,70,1000000,1.9,80,Sawsbuck,50.0,60,70,95,92.5
75,5120,70,428,60,1000000,0.4,55,Emolga,50.0,75,60,103,5.0
75,3840,70,315,45,1000000,0.5,50,Karrablast,50.0,40,45,60,5.9
135,3840,70,495,105,1000000,1.0,70,Escavalier,50.0,60,105,20,33.0
55,5120,70,294,45,1000000,0.2,69,Foongus,50.0,55,55,15,1.0
85,5120,70,464,70,1000000,0.6,114,Amoonguss,50.0,85,80,30,10.5
40,5120,70,335,50,1000000,1.2,55,Frillish,50.0,65,85,40,33.0
60,5120,70,480,70,1000000,2.2,100,Jellicent,50.0,85,105,60,135.0
75,10240,70,470,80,800000,1.2,165,Alomomola,50.0,40,45,65,31.6
47,5120,70,319,50,1000000,0.1,50,Joltik,50.0,57,50,65,0.6
77,5120,70,472,60,1000000,0.8,70,Galvantula,50.0,97,60,108,14.3
50,5120,70,305,91,1000000,0.6,44,Ferroseed,50.0,24,86,10,18.8
94,5120,70,489,131,1000000,1.0,74,Ferrothorn,50.0,54,116,20,110.0
55,5120,70,300,70,1059860,0.3,40,Klink,,45,60,30,21.0
80,5120,70,440,95,1059860,0.6,60,Klang,,70,85,50,51.0
100,5120,70,520,115,1059860,0.6,60,Klinklang,,70,85,90,81.0
55,5120,70,275,40,1250000,0.2,35,Tynamo,50.0,45,40,60,0.3
85,5120,70,405,70,1250000,1.2,65,Eelektrik,50.0,75,70,40,22.0
115,5120,70,515,80,1250000,2.1,85,Eelektross,50.0,105,80,50,80.5
55,5120,70,335,55,1000000,0.5,55,Elgyem,50.0,85,55,30,9.0
75,5120,70,485,75,1000000,1.0,75,Beheeyem,50.0,125,95,40,34.5
30,5120,70,275,55,1059860,0.3,50,Litwick,50.0,65,55,20,3.1
40,5120,70,370,60,1059860,0.6,60,Lampent,50.0,95,60,55,13.0
55,5120,70,520,90,1059860,1.0,60,Chandelure,50.0,145,90,80,34.3
87,10240,35,320,60,1250000,0.6,46,Axew,50.0,30,40,57,18.0
117,10240,35,410,70,1250000,1.0,66,Fraxure,50.0,40,50,67,36.0
147,10240,35,540,90,1250000,1.8,76,Haxorus,50.0,60,70,97,105.5
70,5120,70,305,40,1000000,0.5,55,Cubchoo,50.0,60,40,40,8.5
130,5120,70,505,80,1000000,2.6,95,Beartic,50.0,70,80,50,260.0
50,6400,70,515,50,1000000,1.1,80,Cryogonal,,95,135,105,148.0
40,3840,70,305,85,1000000,0.4,50,Shelmet,50.0,40,65,25,7.7
70,3840,70,495,40,1000000,0.8,80,Accelgor,50.0,100,60,145,25.3
66,5120,70,471,84,1000000,0.7,109,Stunfisk,50.0,81,99,32,11.0
85,6400,70,350,50,1059860,0.9,45,Mienfoo,50.0,55,50,65,20.0
125,6400,70,510,60,1059860,1.4,65,Mienshao,50.0,95,60,105,35.5
120,7680,70,485,90,1000000,1.6,77,Druddigon,50.0,60,90,48,139.0
74,6400,70,303,50,1000000,1.0,59,Golett,,35,50,35,92.0
124,6400,70,483,80,1000000,2.8,89,Golurk,,55,80,55,330.0
85,5120,35,340,70,1000000,0.5,45,Pawniard,50.0,40,40,60,10.2
125,5120,35,490,100,1000000,1.6,65,Bisharp,50.0,60,70,70,70.0
110,5120,70,490,95,1000000,1.6,95,Bouffalant,50.0,40,95,55,94.6
83,5120,70,350,50,1250000,0.5,70,Rufflet,100.0,37,50,60,10.5
123,5120,70,510,75,1250000,1.5,100,Braviary,100.0,57,75,80,41.0
55,5120,35,370,75,1250000,0.5,70,Vullaby,0.0,45,65,60,9.0
65,5120,35,510,105,1250000,1.2,110,Mandibuzz,0.0,55,95,80,39.5
97,5120,70,484,66,1000000,1.4,85,Heatmor,50.0,105,66,65,58.0
109,5120,70,484,112,1000000,0.3,58,Durant,50.0,48,48,109,33.0
65,10240,35,300,50,1250000,0.8,52,Deino,50.0,45,50,38,17.3
85,10240,35,420,70,1250000,1.4,72,Zweilous,50.0,65,70,58,50.0
105,10240,35,600,90,1250000,1.8,92,Hydreigon,50.0,125,90,98,160.0
85,10240,70,360,55,1250000,1.1,55,Larvesta,50.0,50,55,60,28.8
60,10240,70,550,65,1250000,1.6,85,Volcarona,50.0,135,105,100,46.0
90,20480,35,580,129,1250000,2.1,91,Cobalion,,90,72,108,250.0
129,20480,35,580,90,1250000,1.9,91,Terrakion,,72,90,108,260.0
90,20480,35,580,72,1250000,2.0,91,Virizion,,90,129,108,200.0
100,30720,90,580,80,1250000,1.5,79,Tornadus,100.0,110,90,121,63.0
105,30720,90,580,70,1250000,1.5,79,Thundurus,100.0,145,80,101,61.0
120,30720,0,680,100,1250000,3.2,100,Reshiram,,150,120,90,330.0
150,30720,0,680,120,1250000,2.9,100,Zekrom,,120,100,90,345.0
145,30720,90,600,90,1250000,1.5,89,Landorus,100.0,105,80,91,68.0
120,30720,0,700,90,1250000,3.0,125,Kyurem,,170,100,95,325.0
72,20480,35,580,90,1250000,1.4,91,Keldeo,,129,90,108,48.5
128,30720,100,600,90,1250000,0.6,100,Meloetta,,77,77,128,6.5
120,30720,0,600,95,1250000,1.5,71,Genesect,,120,95,99,82.5
61,5120,70,313,65,1059860,0.4,56,Chespin,88.1,48,45,38,9.0
78,5120,70,405,95,1059860,0.7,61,Quilladin,88.1,56,58,57,29.0
107,5120,70,530,122,1059860,1.6,88,Chesnaught,88.1,74,75,64,90.0
45,5120,70,307,40,1059860,0.4,40,Fennekin,88.1,62,60,60,9.4
59,5120,70,409,58,1059860,1.0,59,Braixen,88.1,90,70,73,14.5
69,5120,70,534,72,1059860,1.5,75,Delphox,88.1,114,100,104,39.0
56,5120,70,314,40,1059860,0.3,41,Froakie,88.1,62,44,71,7.0
63,5120,70,405,52,1059860,0.6,54,Frogadier,88.1,83,56,97,10.9
145,5120,70,640,67,1059860,1.5,72,Greninja,88.1,153,71,132,40.0
36,3840,70,237,38,1000000,0.4,38,Bunnelby,50.0,32,36,57,5.0
56,3840,70,423,77,1000000,1.0,85,Diggersby,50.0,50,77,78,42.4
50,3840,70,278,43,1059860,0.3,45,Fletchling,50.0,40,38,62,1.7
73,3840,70,382,55,1059860,0.7,62,Fletchinder,50.0,56,52,84,16.0
81,3840,70,499,71,1059860,1.2,78,Talonflame,50.0,74,69,126,24.5
35,3840,70,200,40,1000000,0.3,38,Scatterbug,50.0,27,25,35,2.5
22,3840,70,213,60,1000000,0.3,45,Spewpa,50.0,27,30,29,8.4
52,3840,70,411,50,1000000,1.2,80,Vivillon,50.0,90,50,89,17.0
50,5120,70,369,58,1059860,0.6,62,Litleo,11.2,73,54,72,13.5
68,5120,70,507,72,1059860,1.5,86,Pyroar,11.2,109,66,106,81.5
38,5120,70,303,39,1000000,0.1,44,Flabébé,0.0,61,79,42,0.1
65,5120,70,551,67,1000000,0.2,74,Floette,0.0,125,128,92,0.9
65,5120,70,552,68,1000000,1.1,78,Florges,0.0,112,154,75,10.0
65,5120,70,350,48,1000000,0.9,66,Skiddo,50.0,62,57,52,31.0
100,5120,70,531,62,1000000,1.7,123,Gogoat,50.0,97,81,68,91.0
82,6400,70,348,62,1000000,0.6,67,Pancham,50.0,46,48,43,8.0
124,6400,70,495,78,1000000,2.1,95,Pangoro,50.0,69,71,58,136.0
80,5120,70,472,60,1000000,1.2,75,Furfrou,50.0,65,90,102,28.0
48,5120,70,355,54,1000000,0.3,62,Espurr,50.0,63,60,68,3.5
48,5120,70,466,76,1000000,0.6,74,Meowstic,50.0,83,81,104,8.5
80,5120,70,325,100,1000000,0.8,45,Honedge,50.0,35,37,28,2.0
110,5120,70,448,150,1000000,0.8,59,Doublade,50.0,45,49,35,4.5
150,5120,70,520,50,1000000,1.7,60,Aegislash,50.0,150,50,60,53.0
52,5120,70,341,60,1000000,0.2,78,Spritzee,50.0,63,65,23,0.5
72,5120,70,462,72,1000000,0.8,101,Aromatisse,50.0,99,89,29,15.5
48,5120,70,341,66,1000000,0.4,62,Swirlix,50.0,59,57,49,3.5
80,5120,70,480,86,1000000,0.8,82,Slurpuff,50.0,85,75,72,5.0
54,5120,70,288,53,1000000,0.4,53,Inkay,50.0,37,46,45,3.5
92,5120,70,482,88,1000000,1.5,86,Malamar,50.0,68,75,73,47.0
52,5120,70,306,67,1000000,0.5,42,Binacle,50.0,39,56,50,31.0
105,5120,70,500,115,1000000,1.3,72,Barbaracle,50.0,54,86,68,96.0
60,5120,70,320,60,1000000,0.5,50,Skrelp,50.0,60,60,30,7.3
75,5120,70,494,90,1000000,1.8,65,Dragalge,50.0,97,123,44,81.5
53,3840,70,330,62,1250000,0.5,50,Clauncher,50.0,58,63,44,8.3
73,3840,70,500,88,1250000,1.3,71,Clawitzer,50.0,120,89,59,35.3
38,5120,70,289,33,1000000,0.5,44,Helioptile,50.0,61,43,70,6.0
55,5120,70,481,52,1000000,1.0,62,Heliolisk,50.0,109,94,109,21.0
89,7680,70,362,77,1000000,0.8,58,Tyrunt,88.1,45,45,48,26.0
121,7680,70,521,119,1000000,2.5,82,Tyrantrum,88.1,69,59,71,270.0
59,7680,70,362,50,1000000,1.3,77,Amaura,88.1,67,63,46,25.2
77,7680,70,521,72,1000000,2.7,123,Aurorus,88.1,99,92,58,225.0
65,8960,70,525,65,1000000,1.0,95,Sylveon,88.1,110,130,60,23.5
92,5120,70,500,75,1000000,0.8,78,Hawlucha,50.0,74,63,118,21.5
58,5120,70,431,57,1000000,0.2,67,Dedenne,50.0,81,67,101,2.2
50,6400,70,500,150,1250000,0.3,50,Carbink,,50,150,50,5.7
50,10240,35,300,35,1250000,0.3,45,Goomy,50.0,55,75,40,2.8
75,10240,35,452,53,1250000,0.8,68,Sliggoo,50.0,83,113,60,17.5
100,10240,35,600,70,1250000,2.0,90,Goodra,50.0,110,150,80,150.5
80,5120,70,470,91,800000,0.2,57,Klefki,50.0,80,87,75,3.0
70,5120,70,309,48,1000000,0.4,43,Phantump,50.0,50,60,38,7.0
110,5120,70,474,76,1000000,1.5,85,Trevenant,50.0,65,82,56,71.0
66,5120,70,335,70,1000000,0.8,59,Pumpkaboo,50.0,44,55,41,15.0
100,5120,70,494,122,1000000,1.7,85,Gourgeist,50.0,58,75,54,39.0
69,5120,70,304,85,1000000,1.0,55,Bergmite,50.0,32,35,28,99.5
117,5120,70,514,184,1000000,2.0,95,Avalugg,50.0,44,46,28,505.0
30,5120,70,245,35,1000000,0.5,40,Noibat,50.0,45,40,55,8.0
70,5120,70,535,80,1000000,1.5,85,Noivern,50.0,97,80,123,85.0
131,30720,0,680,95,1250000,3.0,126,Xerneas,,131,98,99,215.0
131,30720,0,680,95,1250000,5.8,126,Yveltal,,131,98,99,203.0
100,30720,0,708,121,1250000,5.0,216,Zygarde,,91,95,85,284.6
160,6400,70,700,110,1250000,0.7,50,Diancie,,160,110,110,8.8
160,30720,100,680,60,1250000,,80,Hoopa,,170,130,80,
110,30720,100,600,120,1250000,1.7,80,Volcanion,,130,90,70,195.0
55,3840,70,320,55,1059860,0.3,68,Rowlet,88.1,50,50,42,1.5
75,3840,70,420,75,1059860,0.7,78,Dartrix,88.1,70,70,52,16.0
107,3840,70,530,75,1059860,1.6,78,Decidueye,88.1,100,100,70,36.6
65,3840,70,320,40,1059860,0.4,45,Litten,88.1,60,40,70,4.3
85,3840,70,420,50,1059860,0.7,65,Torracat,88.1,80,50,90,25.0
115,3840,70,530,90,1059860,1.8,95,Incineroar,88.1,80,90,60,83.0
54,3840,70,320,54,1059860,0.4,50,Popplio,88.1,66,56,40,7.5
69,3840,70,420,69,1059860,0.6,60,Brionne,88.1,91,81,50,17.5
74,3840,70,530,74,1059860,1.8,80,Primarina,88.1,126,116,60,44.0
75,3840,70,265,30,1000000,0.3,35,Pikipek,50.0,30,30,65,1.2
85,3840,70,355,50,1000000,0.6,55,Trumbeak,50.0,40,50,75,14.8
120,3840,70,485,75,1000000,1.1,80,Toucannon,50.0,75,75,60,26.0
70,3840,70,253,30,1000000,0.4,48,Yungoos,50.0,30,30,45,6.0
110,3840,70,418,60,1000000,0.7,88,Gumshoos,50.0,55,60,45,14.2
62,3840,70,300,45,1000000,0.4,47,Grubbin,50.0,55,45,46,4.4
82,3840,70,400,95,1000000,0.5,57,Charjabug,50.0,55,75,36,10.5
70,3840,70,500,90,1000000,1.5,77,Vikavolt,50.0,145,75,43,45.0
82,5120,70,338,57,1000000,0.6,47,Crabrawler,50.0,42,47,63,7.0
132,5120,70,478,77,1000000,1.7,97,Crabominable,50.0,62,67,43,180.0
70,5120,70,476,70,1000000,0.6,75,Oricorio,24.6,98,70,93,3.4
45,5120,70,304,40,1000000,0.1,40,Cutiefly,50.0,55,40,84,0.2
55,5120,70,464,60,1000000,0.2,60,Ribombee,50.0,95,70,124,0.5
65,3840,70,280,40,1000000,0.5,45,Rockruff,50.0,30,40,60,9.2
115,3840,70,487,75,1000000,,85,Lycanroc,50.0,55,75,82,
140,3840,70,620,130,800000,0.2,45,Wishiwashi,50.0,140,135,30,0.3
53,5120,70,305,62,1000000,0.4,50,Mareanie,50.0,43,52,45,8.0
63,5120,70,495,152,1000000,0.7,50,Toxapex,50.0,53,142,35,14.5
100,5120,70,385,70,1000000,1.0,70,Mudbray,50.0,45,55,45,110.0
125,5120,70,500,100,1000000,2.5,100,Mudsdale,50.0,55,85,35,920.0
40,3840,70,269,52,1000000,0.3,38,Dewpider,50.0,40,72,27,4.0
70,3840,70,454,92,1000000,1.8,68,Araquanid,50.0,50,132,42,82.0
55,5120,70,250,35,1000000,0.3,40,Fomantis,50.0,50,35,35,1.5
105,5120,70,480,90,1000000,0.9,70,Lurantis,50.0,80,90,45,18.5
35,5120,70,285,55,1000000,0.2,40,Morelull,50.0,65,75,15,1.5
45,5120,70,405,80,1000000,1.0,60,Shiinotic,50.0,90,100,30,11.5
44,5120,70,320,40,1000000,0.6,48,Salandit,88.1,71,40,77,4.8
64,5120,70,480,60,1000000,1.2,68,Salazzle,0.0,111,60,117,22.2
75,3840,70,340,50,1000000,0.5,70,Stufful,50.0,45,50,50,6.8
125,3840,70,500,80,1000000,2.1,120,Bewear,50.0,55,60,60,135.0
30,5120,70,210,38,1059860,0.3,42,Bounsweet,0.0,30,38,32,3.2
40,5120,70,290,48,1059860,0.7,52,Steenee,0.0,40,48,62,8.2
120,5120,70,510,98,1059860,1.2,72,Tsareena,0.0,50,98,72,21.4
52,5120,70,485,90,800000,0.1,51,Comfey,24.6,82,110,100,0.3
60,5120,70,490,80,1250000,1.5,90,Oranguru,50.0,90,110,60,76.0
120,5120,70,490,90,1250000,2.0,100,Passimian,50.0,40,60,80,82.8
35,5120,70,230,40,1000000,0.5,25,Wimpod,50.0,20,30,80,12.0
125,5120,70,530,140,1000000,2.0,75,Golisopod,50.0,60,90,40,108.0
55,3840,70,320,80,1000000,0.5,55,Sandygast,50.0,70,45,15,70.0
75,3840,70,480,110,1000000,1.3,85,Palossand,50.0,100,75,35,250.0
60,3840,70,410,130,800000,0.3,55,Pyukumuku,50.0,30,130,5,1.2
95,30720,0,534,95,1250000,1.9,95,Type: Null,,95,95,59,120.5
95,30720,0,570,95,1250000,2.3,95,Silvally,,95,95,95,100.5
115,5120,70,480,65,1250000,0.4,65,Komala,50.0,75,95,65,19.9
78,5120,70,485,135,1000000,2.0,60,Turtonator,50.0,91,85,36,212.0
98,2560,70,435,63,1000000,0.3,65,Togedemaru,50.0,40,73,96,3.3
90,5120,70,476,80,1000000,0.2,55,Mimikyu,50.0,50,105,96,0.7
105,3840,70,475,70,1000000,0.9,68,Bruxish,50.0,70,70,92,19.0
60,5120,70,485,85,1000000,3.0,78,Drampa,50.0,135,91,36,185.0
131,6400,70,517,100,1000000,3.9,70,Dhelmise,,86,90,40,210.0
55,10240,70,300,65,1250000,0.6,45,Jangmo-o,50.0,45,45,45,29.7
75,10240,70,420,90,1250000,1.2,55,Hakamo-o,50.0,65,70,65,47.0
110,10240,70,600,125,1250000,1.6,75,Kommo-o,50.0,100,105,85,78.2
115,3840,70,570,85,1250000,1.8,70,Tapu Koko,,95,75,130,20.5
85,3840,70,570,75,1250000,1.2,70,Tapu Lele,,130,115,95,18.6
130,3840,70,570,115,1250000,1.9,70,Tapu Bulu,,85,95,75,45.5
75,3840,70,570,115,1250000,1.3,70,Tapu Fini,,95,130,85,21.2
29,30720,0,200,31,1250000,0.2,43,Cosmog,,29,31,37,0.1
29,30720,0,400,131,1250000,0.1,43,Cosmoem,,29,131,37,999.9
137,30720,0,680,107,1250000,3.4,137,Solgaleo,,113,89,97,230.0
113,30720,0,680,89,1250000,4.0,137,Lunala,,137,107,97,120.0
53,30720,0,570,47,1250000,1.2,109,Nihilego,,127,131,103,55.5
139,30720,0,570,139,1250000,2.4,107,Buzzwole,,53,53,79,333.6
137,30720,0,570,37,1250000,1.8,71,Pheromosa,,137,37,151,25.0
89,30720,0,570,71,1250000,3.8,83,Xurkitree,,173,71,83,100.0
101,30720,0,570,103,1250000,9.2,97,Celesteela,,107,101,61,999.9
181,30720,0,570,131,1250000,0.3,59,Kartana,,59,31,109,0.1
101,30720,0,570,53,1250000,5.5,223,Guzzlord,,97,53,43,888.0
107,30720,0,600,101,1250000,2.4,97,Necrozma,,127,89,79,230.0
95,30720,0,600,115,1250000,1.0,80,Magearna,,130,115,65,80.5
