{
    "pages": [
        {
            "id": "9AapYAH",
            "grid": {
                "tiles": []
            },
            "showTitle": false
        }
    ],
    "owner": "tyler.freckmann@dataiku.com",
    "listed": true,
    "name": "Coder Handson's default dashboard",
    "showGrid": true,
    "versionTag": {
        "versionNumber": 0,
        "lastModifiedBy": {
            "login": "tyler.freckmann@dataiku.com"
        },
        "lastModifiedOn": 1668634380540
    },
    "creationTag": {
        "versionNumber": 0,
        "lastModifiedBy": {
            "login": "tyler.freckmann@dataiku.com"
        },
        "lastModifiedOn": 1668634380540
    },
    "tags": [],
    "customFields": {},
    "checklists": {
        "checklists": []
    }
}